<application>
  <component name="ProjectManager">
    <defaultProject>
      <component name="ProjectViewState">
        <option name="hideEmptyMiddlePackages" value="true" />
        <option name="showLibraryContents" value="true" />
      </component>
      <component name="RunManager">
        <configuration name="wsgi" type="PythonConfigurationType" factoryName="Python" nameIsGenerated="true">
          <option name="INTERPRETER_OPTIONS" value="" />
          <option name="PARENT_ENVS" value="true" />
          <envs>
            <env name="PYTHONUNBUFFERED" value="1" />
          </envs>
          <option name="SDK_HOME" value="$USER_HOME$/Documents/_projects/miqid/app_pycharm/venv/bin/python" />
          <option name="WORKING_DIRECTORY" value="$USER_HOME$/Documents/_projects/miqid/app_pycharm" />
          <option name="IS_MODULE_SDK" value="false" />
          <option name="ADD_CONTENT_ROOTS" value="true" />
          <option name="ADD_SOURCE_ROOTS" value="true" />
          <module name="" />
          <EXTENSION ID="PythonCoverageRunConfigurationExtension" runner="coverage.py" />
          <option name="SCRIPT_NAME" value="$USER_HOME$/Documents/_projects/miqid/app_pycharm/wsgi.py" />
          <option name="PARAMETERS" value="" />
          <option name="SHOW_COMMAND_LINE" value="false" />
          <option name="EMULATE_TERMINAL" value="false" />
          <option name="MODULE_MODE" value="false" />
          <option name="REDIRECT_INPUT" value="false" />
          <option name="INPUT_FILE" value="" />
          <method v="2" />
        </configuration>
      </component>
    </defaultProject>
  </component>
</application>