{
  "ExecuteTime": {
    "display_right_aligned": true, 
    "display_absolute_timings": true
  }, 
  "load_extensions": {
    "execute_time/ExecuteTime": true, 
    "table_beautifier/main": false, 
    "search-replace/main": false, 
    "collapsible_headings/main": true, 
    "toggle_all_line_numbers/main": false, 
    "codefolding/main": true, 
    "hide_header/main": true, 
    "notify/notify": true, 
    "autosavetime/main": false, 
    "scratchpad/main": false, 
    "code_prettify/code_prettify": true
  }, 
  "autosavetime_set_starting_interval": true, 
  "zenmode_backgrounds": [], 
  "autosavetime_starting_interval": "1"
}