<profile version="1.0">
  <option name="myName" value="Default" />
  <inspection_tool class="Eslint" enabled="true" level="WARNING" enabled_by_default="true" />
  <inspection_tool class="HtmlDeprecatedAttribute" enabled="false" level="WARNING" enabled_by_default="false" />
  <inspection_tool class="PyBroadExceptionInspection" enabled="false" level="WEAK WARNING" enabled_by_default="false" />
  <inspection_tool class="PyPackageRequirementsInspection" enabled="true" level="WARNING" enabled_by_default="true">
    <option name="ignoredPackages">
      <value>
        <list size="48">
          <item index="0" class="java.lang.String" itemvalue="elasticsearch" />
          <item index="1" class="java.lang.String" itemvalue="Flask-HTTPAuth" />
          <item index="2" class="java.lang.String" itemvalue="redis" />
          <item index="3" class="java.lang.String" itemvalue="rq" />
          <item index="4" class="java.lang.String" itemvalue="pymysql" />
          <item index="5" class="java.lang.String" itemvalue="PyJWT" />
          <item index="6" class="java.lang.String" itemvalue="alembic" />
          <item index="7" class="java.lang.String" itemvalue="Babel" />
          <item index="8" class="java.lang.String" itemvalue="python-dateutil" />
          <item index="9" class="java.lang.String" itemvalue="SQLAlchemy" />
          <item index="10" class="java.lang.String" itemvalue="python-dotenv" />
          <item index="11" class="java.lang.String" itemvalue="MarkupSafe" />
          <item index="12" class="java.lang.String" itemvalue="requests" />
          <item index="13" class="java.lang.String" itemvalue="python-editor" />
          <item index="14" class="java.lang.String" itemvalue="Jinja2" />
          <item index="15" class="java.lang.String" itemvalue="Flask-Bootstrap" />
          <item index="16" class="java.lang.String" itemvalue="Flask-Login" />
          <item index="17" class="java.lang.String" itemvalue="dominate" />
          <item index="18" class="java.lang.String" itemvalue="certifi" />
          <item index="19" class="java.lang.String" itemvalue="urllib3" />
          <item index="20" class="java.lang.String" itemvalue="itsdangerous" />
          <item index="21" class="java.lang.String" itemvalue="Flask" />
          <item index="22" class="java.lang.String" itemvalue="blinker" />
          <item index="23" class="java.lang.String" itemvalue="email-validator" />
          <item index="24" class="java.lang.String" itemvalue="dnspython" />
          <item index="25" class="java.lang.String" itemvalue="six" />
          <item index="26" class="java.lang.String" itemvalue="Werkzeug" />
          <item index="27" class="java.lang.String" itemvalue="Flask-WTF" />
          <item index="28" class="java.lang.String" itemvalue="click" />
          <item index="29" class="java.lang.String" itemvalue="Flask-SQLAlchemy" />
          <item index="30" class="java.lang.String" itemvalue="chardet" />
          <item index="31" class="java.lang.String" itemvalue="Flask-Moment" />
          <item index="32" class="java.lang.String" itemvalue="guess-language-spirit" />
          <item index="33" class="java.lang.String" itemvalue="WTForms" />
          <item index="34" class="java.lang.String" itemvalue="Flask-Mail" />
          <item index="35" class="java.lang.String" itemvalue="Flask-Migrate" />
          <item index="36" class="java.lang.String" itemvalue="pytz" />
          <item index="37" class="java.lang.String" itemvalue="Mako" />
          <item index="38" class="java.lang.String" itemvalue="visitor" />
          <item index="39" class="java.lang.String" itemvalue="Flask-Babel" />
          <item index="40" class="java.lang.String" itemvalue="idna" />
          <item index="41" class="java.lang.String" itemvalue="cryptography" />
          <item index="42" class="java.lang.String" itemvalue="bootstrap-flask" />
          <item index="43" class="java.lang.String" itemvalue="Faker" />
          <item index="44" class="java.lang.String" itemvalue="opencv-contrib-python" />
          <item index="45" class="java.lang.String" itemvalue="opencv-python" />
          <item index="46" class="java.lang.String" itemvalue="numpy" />
          <item index="47" class="java.lang.String" itemvalue="VimbaPython" />
        </list>
      </value>
    </option>
  </inspection_tool>
  <inspection_tool class="PyPep8Inspection" enabled="true" level="WEAK WARNING" enabled_by_default="true">
    <option name="ignoredErrors">
      <list>
        <option value="E722" />
        <option value="E266" />
        <option value="E501" />
        <option value="E711" />
      </list>
    </option>
  </inspection_tool>
  <inspection_tool class="PyUnresolvedReferencesInspection" enabled="false" level="WARNING" enabled_by_default="false">
    <option name="ignoredIdentifiers">
      <list>
        <option value="app.models.User.query" />
        <option value="app.models.StationSession.filter" />
      </list>
    </option>
  </inspection_tool>
</profile>