<keymap version="1" name="macOS copy" parent="Mac OS X 10.5+">
  <action id="ActivateDebugToolWindow">
    <keyboard-shortcut first-keystroke="meta 5" />
    <keyboard-shortcut first-keystroke="meta 3" />
  </action>
  <action id="ActivateFavoritesToolWindow" />
  <action id="ActivateFindToolWindow" />
  <action id="ActivateTerminalToolWindow">
    <keyboard-shortcut first-keystroke="alt f12" />
    <keyboard-shortcut first-keystroke="meta 2" />
  </action>
  <action id="DuplicatesForm.SendToRight" />
  <action id="FileChooser.GotoModule" />
  <action id="FileChooser.GotoProject" />
  <action id="MoveTabDown">
    <keyboard-shortcut first-keystroke="shift meta 2" />
  </action>
  <action id="MoveTabRight">
    <keyboard-shortcut first-keystroke="meta alt 2" />
  </action>
  <action id="Unsplit">
    <keyboard-shortcut first-keystroke="meta alt 1" />
  </action>
  <action id="UnsplitAll">
    <keyboard-shortcut first-keystroke="shift meta 1" />
  </action>
</keymap>